rate_rps,n_obs,rho,mean_svc_ms,p50_resp_ms,p95_resp_ms,p99_resp_ms,ks_replay,ks_bootstrap,ks_parametric
10,987,0.08488046291793314,8.488046291793314,21.916978,84.17201709999999,140.54403181999996,nan,nan,nan
25,2379,0.20357274155107188,8.142909662042875,8.784246,72.63623959999998,119.17746809999961,nan,nan,nan
50,4509,0.3967195795852739,7.934391591705478,7.585854,11.570432399999984,16.1233296,nan,nan,nan
75,6587,0.6133285738538029,8.177714318050706,7.815816,11.8293147,17.262839600000003,nan,nan,nan
